{
  "final_test_accuracy": 0.22,
  "final_test_f1": 0.16760782937253524,
  "total_rounds": 2,
  "clients": 2,
  "strategy": "fusion_guided_updates",
  "timestamp": 1750869003.643876
}