{
  "final_test_accuracy": 0.23,
  "final_test_f1": 0.1836913948715191,
  "total_rounds": 2,
  "clients": 2,
  "strategy": "fusion_guided_updates",
  "timestamp": 1750865732.2416582
}