{
  "final_test_accuracy": 0.14,
  "final_test_f1": 0.03508771929824561,
  "total_rounds": 2,
  "clients": 2,
  "strategy": "fusion_guided_updates",
  "timestamp": 1750779622.0449312
}