{
  "final_test_accuracy": 0.27,
  "final_test_f1": 0.24296252735443277,
  "total_rounds": 5,
  "clients": 2,
  "strategy": "fusion_guided_updates",
  "timestamp": 1750873501.3051672
}