{
  "final_test_accuracy": 0.24,
  "final_test_f1": 0.20594113351555313,
  "total_rounds": 5,
  "clients": 2,
  "strategy": "fusion_guided_updates",
  "timestamp": 1750873855.268522
}