{
  "final_test_accuracy": 0.26,
  "final_test_f1": 0.22248258987389422,
  "total_rounds": 5,
  "clients": 2,
  "strategy": "fusion_guided_updates",
  "timestamp": 1750875342.431272
}