{
  "final_test_accuracy": 0.23,
  "final_test_f1": 0.20120378442959086,
  "total_rounds": 2,
  "clients": 2,
  "strategy": "fusion_guided_updates",
  "timestamp": 1750806237.676846
}