{
  "final_test_accuracy": 0.29,
  "final_test_f1": 0.24584268777817164,
  "total_rounds": 20,
  "clients": 2,
  "strategy": "fusion_guided_updates",
  "timestamp": 1750881402.861405
}