{
  "final_test_accuracy": 0.24,
  "final_test_f1": 0.18271146842575417,
  "total_rounds": 2,
  "clients": 2,
  "strategy": "fusion_guided_updates",
  "timestamp": 1750806123.541259
}