{
  "final_test_accuracy": 0.18,
  "final_test_f1": 0.10012483254171234,
  "total_rounds": 2,
  "clients": 2,
  "strategy": "fusion_guided_updates",
  "timestamp": 1750806342.959119
}