{
  "final_test_accuracy": 0.26,
  "final_test_f1": 0.22620261002613945,
  "total_rounds": 5,
  "clients": 2,
  "strategy": "fusion_guided_updates",
  "timestamp": 1750877835.897773
}