{
  "final_test_accuracy": 0.22,
  "final_test_f1": 0.18383699633699632,
  "total_rounds": 2,
  "clients": 2,
  "strategy": "fusion_guided_updates",
  "timestamp": 1750840028.131438
}