{
  "final_test_accuracy": 0.25,
  "final_test_f1": 0.20059205985979442,
  "total_rounds": 2,
  "clients": 2,
  "strategy": "fusion_guided_updates",
  "timestamp": 1750859023.134033
}