{
  "final_test_accuracy": 0.28,
  "final_test_f1": 0.23349471920900491,
  "total_rounds": 2,
  "clients": 2,
  "strategy": "fusion_guided_updates",
  "timestamp": 1750789005.118788
}