{
  "final_test_accuracy": 0.22,
  "final_test_f1": 0.16680798445504327,
  "total_rounds": 5,
  "clients": 2,
  "strategy": "fusion_guided_updates",
  "timestamp": 1750877145.0369432
}