{
  "final_test_accuracy": 0.21,
  "final_test_f1": 0.17524771524771526,
  "total_rounds": 2,
  "clients": 2,
  "strategy": "fusion_guided_updates",
  "timestamp": 1750840349.389814
}