{
  "final_test_accuracy": 0.25,
  "final_test_f1": 0.22559657834425637,
  "total_rounds": 5,
  "clients": 2,
  "strategy": "fusion_guided_updates",
  "timestamp": 1750876588.228565
}