{
  "final_test_accuracy": 0.19,
  "final_test_f1": 0.14579831932773107,
  "total_rounds": 2,
  "clients": 2,
  "strategy": "fusion_guided_updates",
  "timestamp": 1750789552.417181
}