{
  "final_test_accuracy": 0.19,
  "final_test_f1": 0.18644403215831787,
  "total_rounds": 2,
  "clients": 2,
  "strategy": "fusion_guided_updates",
  "timestamp": 1750807028.2426188
}