{
  "final_test_accuracy": 0.11,
  "final_test_f1": 0.03865847414234511,
  "total_rounds": 2,
  "clients": 2,
  "strategy": "fusion_guided_updates",
  "timestamp": 1750782517.149354
}