{
  "final_test_accuracy": 0.27,
  "final_test_f1": 0.21608061336214268,
  "total_rounds": 2,
  "clients": 2,
  "strategy": "fusion_guided_updates",
  "timestamp": 1750806465.4547331
}