{
  "final_test_accuracy": 0.27,
  "final_test_f1": 0.2231306896138567,
  "total_rounds": 5,
  "clients": 2,
  "strategy": "fusion_guided_updates",
  "timestamp": 1750878590.8135512
}