{
  "final_test_accuracy": 0.21,
  "final_test_f1": 0.16088508052793765,
  "total_rounds": 5,
  "clients": 2,
  "strategy": "fusion_guided_updates",
  "timestamp": 1750872671.491392
}