{
  "final_test_accuracy": 0.23,
  "final_test_f1": 0.17874149659863944,
  "total_rounds": 2,
  "clients": 2,
  "strategy": "fusion_guided_updates",
  "timestamp": 1750866003.1391842
}