{
  "final_test_accuracy": 0.2648809523809524,
  "final_test_f1": 0.19573597711705132,
  "total_rounds": 3,
  "clients": 2,
  "strategy": "fusion_guided_updates",
  "timestamp": 1750932741.3403141
}