{
  "final_test_accuracy": 0.19,
  "final_test_f1": 0.08488612836438923,
  "total_rounds": 2,
  "clients": 2,
  "strategy": "fusion_guided_updates",
  "timestamp": 1750770200.207979
}