{
  "final_test_accuracy": 0.22,
  "final_test_f1": 0.14984339332165417,
  "total_rounds": 2,
  "clients": 2,
  "strategy": "fusion_guided_updates",
  "timestamp": 1750791790.669514
}