{
  "final_test_accuracy": 0.26,
  "final_test_f1": 0.16328705395201562,
  "total_rounds": 3,
  "clients": 2,
  "strategy": "fusion_guided_updates",
  "timestamp": 1750870534.988658
}