{
  "configuration": {
    "data_percentage": 0.05,
    "total_rounds": 2,
    "epochs_per_round": 2,
    "batch_size": 8,
    "learning_rate": 0.001,
    "validation_split": 0.2,
    "client_epochs": {
      "image_client": 3,
      "tabular_client": 3
    },
    "embedding_dim": 256,
    "adversarial_lambda": 0.0,
    "early_stopping": false,
    "patience": 3,
    "verbose": 2,
    "data_dir": "data",
    "random_seed": 42,
    "num_classes": 7,
    "aggregation_method": "fedavg",
    "client_selection": "all",
    "min_clients": 2,
    "save_intermediate": true,
    "save_client_models": true,
    "resume_training": false,
    "model_dir": "models",
    "results_dir": "results",
    "plots_dir": "plots",
    "logs_dir": "logs",
    "phase": 1,
    "phase_description": "High-Performance Baseline"
  },
  "training_results": {
    "accuracy": 0.06,
    "f1_macro": 0.03523845777366904,
    "f1_weighted": 0.010643319375713743,
    "predictions": "[[0.32910037 0.3097715  0.07830364 0.04123268 0.08593091 0.05699151\n  0.09866939]\n [0.35028043 0.3284447  0.10776676 0.01277072 0.04949628 0.05642751\n  0.09481359]\n [0.26887724 0.36683214 0.11108786 0.02402896 0.09610741 0.08986117\n  0.04320524]\n [0.31445983 0.3350979  0.13847771 0.01173957 0.05008583 0.06416047\n  0.08597865]\n [0.40478575 0.28374943 0.09668645 0.02610345 0.06037524 0.04321235\n  0.08508737]\n [0.40224308 0.26632658 0.09209993 0.01931108 0.08551285 0.04888427\n  0.08562222]\n [0.33621714 0.3331666  0.12045182 0.00906035 0.0505201  0.05406355\n  0.09652043]\n [0.2994303  0.26549387 0.10024367 0.04072126 0.06247882 0.04551777\n  0.18611425]\n [0.2938092  0.33564222 0.11396189 0.02400318 0.09074504 0.09925362\n  0.04258481]\n [0.38139722 0.28790575 0.07618098 0.02079391 0.08933109 0.04243548\n  0.10195557]\n [0.33072188 0.30671623 0.0739697  0.04394341 0.08172017 0.05613422\n  0.10679433]\n [0.34173575 0.2887112  0.07259341 0.04926938 0.1074612  0.0617828\n  0.07844631]\n [0.36286968 0.28283614 0.06569301 0.0505345  0.10136279 0.06068975\n  0.07601405]\n [0.30296573 0.2894155  0.10220859 0.03261843 0.06513478 0.04847628\n  0.1591807 ]\n [0.29321593 0.32484186 0.11306136 0.03197328 0.08540361 0.07395366\n  0.07755032]\n [0.3130479  0.293452   0.09111772 0.03556799 0.10135598 0.07271498\n  0.09274342]\n [0.5111635  0.26450688 0.04605759 0.02493538 0.04349423 0.03529407\n  0.07454835]\n [0.2685312  0.4610415  0.09726473 0.0292896  0.06591552 0.03614847\n  0.04180903]\n [0.2715952  0.39847094 0.08522924 0.02923433 0.11124121 0.05441264\n  0.04981637]\n [0.25820884 0.35264412 0.13320455 0.04112333 0.05860047 0.02821486\n  0.12800384]\n [0.35669506 0.29160705 0.06435218 0.0489317  0.10513402 0.06135397\n  0.07192599]\n [0.27952805 0.35279143 0.13024242 0.04454317 0.0623186  0.02143918\n  0.10913713]\n [0.28180283 0.4365244  0.09830605 0.0307673  0.06854206 0.03804185\n  0.04601556]\n [0.39648125 0.21969558 0.06424126 0.0716634  0.09965178 0.0355835\n  0.11268326]\n [0.2812605  0.41849518 0.10212103 0.03828102 0.09746359 0.02049287\n  0.04188585]\n [0.38685995 0.30123696 0.09816577 0.02753093 0.10277381 0.02161446\n  0.06181802]\n [0.37218043 0.23928897 0.0589027  0.06604625 0.08321219 0.04638314\n  0.13398628]\n [0.27811456 0.35568696 0.12653972 0.04609837 0.06159871 0.0217111\n  0.11025058]\n [0.4023797  0.3430872  0.05805542 0.01880007 0.09072807 0.05085857\n  0.036091  ]\n [0.31389388 0.37864596 0.11907567 0.01168509 0.05752269 0.04701711\n  0.07215957]\n [0.33212584 0.38042384 0.04522395 0.05385407 0.10472049 0.03087643\n  0.05277541]\n [0.3013135  0.2113098  0.1413636  0.04002218 0.06077363 0.06669127\n  0.17852595]\n [0.294712   0.33701283 0.11456925 0.02469135 0.08879872 0.09635142\n  0.04386443]\n [0.37197983 0.32355312 0.04250534 0.06510699 0.12357573 0.02575112\n  0.04752794]\n [0.4332999  0.2932014  0.07888442 0.02245973 0.10301062 0.02710428\n  0.04203964]\n [0.33775944 0.40971074 0.04535737 0.03514563 0.08716317 0.0518848\n  0.03297878]\n [0.30670533 0.2887749  0.15923846 0.02180927 0.068523   0.06313591\n  0.09181307]\n [0.44514787 0.23547268 0.07816172 0.0189623  0.11322495 0.0470052\n  0.06202519]\n [0.28408244 0.38486713 0.10074209 0.0265676  0.10101419 0.05995335\n  0.04277316]\n [0.39716285 0.29074705 0.09929308 0.02723102 0.10319679 0.02007412\n  0.06229503]\n [0.30693436 0.27493417 0.11410484 0.03513338 0.09797247 0.10889325\n  0.06202751]\n [0.27917206 0.34253377 0.13531385 0.02511078 0.08759972 0.06273554\n  0.06753436]\n [0.3695597  0.31672737 0.05147617 0.05176138 0.13920295 0.0289877\n  0.04228464]\n [0.26067987 0.37632298 0.11330077 0.0240172  0.09738761 0.08784767\n  0.04044391]\n [0.31694993 0.30244824 0.09639978 0.0357681  0.09234882 0.07109891\n  0.08498619]\n [0.32716522 0.30124494 0.1685911  0.01452247 0.05184683 0.06020187\n  0.07642753]\n [0.43877974 0.22261475 0.05392292 0.08096128 0.09941565 0.0321637\n  0.07214192]\n [0.35209042 0.26037523 0.13300307 0.03775823 0.06011146 0.03217923\n  0.12448236]\n [0.2713239  0.4537371  0.09894874 0.02973099 0.06594199 0.03663766\n  0.0436796 ]\n [0.40032497 0.33081105 0.0613204  0.02007142 0.10236244 0.05073296\n  0.03437674]\n [0.30253696 0.22945225 0.11033788 0.04100254 0.07444476 0.043403\n  0.1988226 ]\n [0.33022287 0.25577688 0.1763783  0.02218116 0.0833109  0.05575392\n  0.07637598]\n [0.31282213 0.2656411  0.1878284  0.02074418 0.06683834 0.06671318\n  0.07941265]\n [0.281142   0.32176867 0.10385753 0.03538545 0.08274056 0.05526334\n  0.11984251]\n [0.37408715 0.255012   0.05990502 0.06098654 0.08368577 0.05040995\n  0.1159135 ]\n [0.3379303  0.36197516 0.04858395 0.05305531 0.12403727 0.03045945\n  0.04395856]\n [0.3764938  0.23078157 0.08453496 0.07492968 0.10840079 0.05205027\n  0.0728089 ]\n [0.32817703 0.30310535 0.07934241 0.04154948 0.08919655 0.05780064\n  0.10082853]\n [0.32819718 0.20018272 0.11282061 0.03706709 0.0708385  0.04566539\n  0.20522857]\n [0.30040556 0.3008996  0.09647726 0.03837736 0.08171225 0.04755506\n  0.13457276]\n [0.24314147 0.36827832 0.11326043 0.03119384 0.10047165 0.10563027\n  0.03802406]\n [0.28718892 0.27638066 0.11850868 0.03643331 0.06603251 0.05239433\n  0.16306156]\n [0.3169923  0.30477062 0.0929     0.03491373 0.09298015 0.07251412\n  0.08492907]\n [0.27098405 0.41012946 0.09216075 0.03131419 0.09500537 0.05359746\n  0.04680876]\n [0.40188432 0.20865095 0.13930495 0.0170896  0.05454492 0.05286792\n  0.12565735]\n [0.35195062 0.27292785 0.12225942 0.0197257  0.11326453 0.04722417\n  0.0726477 ]\n [0.4206896  0.3177688  0.05994332 0.02016703 0.09903125 0.0457864\n  0.03661366]\n [0.39490223 0.3245194  0.04448353 0.02580852 0.06900135 0.02692086\n  0.11436404]\n [0.40442565 0.32799244 0.06132322 0.02063794 0.09888277 0.04895292\n  0.03778506]\n [0.29400945 0.30190387 0.16586123 0.02811454 0.0563194  0.08848356\n  0.06530792]\n [0.2458892  0.42229226 0.08829203 0.03379333 0.09973803 0.06868972\n  0.04130536]\n [0.28782526 0.34882644 0.12596172 0.04435429 0.06055603 0.02269894\n  0.10977735]\n [0.3172665  0.29732275 0.0659491  0.05635593 0.08531001 0.05083758\n  0.12695816]\n [0.4575443  0.27345416 0.04866476 0.03256989 0.09917521 0.03425004\n  0.05434163]\n [0.30023053 0.2946155  0.10634275 0.02890283 0.06916713 0.04617235\n  0.15456894]\n [0.3248045  0.21773767 0.13193166 0.03357262 0.07084712 0.04593436\n  0.17517202]\n [0.43338227 0.22020927 0.10218177 0.02251913 0.06326769 0.05484516\n  0.10359462]\n [0.33878133 0.38037002 0.04179267 0.05759015 0.09629834 0.03016051\n  0.05500706]\n [0.3082042  0.26497576 0.18627329 0.02175488 0.06874564 0.06655875\n  0.08348759]\n [0.40430117 0.31063288 0.05171485 0.03808515 0.13467777 0.02988783\n  0.03070036]\n [0.36388984 0.2961901  0.11111195 0.03192819 0.07434856 0.06274912\n  0.05978221]\n [0.38610902 0.35721266 0.0638262  0.02553864 0.0592365  0.04405434\n  0.0640226 ]\n [0.3967849  0.3261051  0.05042368 0.03102139 0.11161718 0.0470813\n  0.03696651]\n [0.3226995  0.2810856  0.13881448 0.03670894 0.05963293 0.04230647\n  