{
  "configuration": {
    "phase": 1,
    "phase_description": "High-Performance Baseline",
    "data_percentage": 0.08,
    "total_rounds": 3,
    "epochs_per_round": 5,
    "batch_size": 8,
    "learning_rate": 0.001,
    "embedding_dim": 128,
    "num_classes": 7,
    "adversarial_lambda": 0.0,
    "client_epochs": {
      "image_client": 5,
      "tabular_client": 5
    },
    "data_dir": "data",
    "aggregation_method": "fedavg",
    "client_selection": "all",
    "resume_training": false,
    "results_dir": "results",
    "models_dir": "models",
    "plots_dir": "plots",
    "verbose": 1,
    "save_embeddings": true,
    "plot_training": true,
    "detailed_logging": true
  },
  "training_results": {
    "accuracy": 0.13836477987421383,
    "f1_macro": 0.04389867078660664,
    "f1_weighted": 0.042923971258928814,
    "predictions": "[[0.1697759  0.25880164 0.12454758 ... 0.04595915 0.12032992 0.22148825]\n [0.1309925  0.43835473 0.03630803 ... 0.08567863 0.11472842 0.08514451]\n [0.0841241  0.26323453 0.08148834 ... 0.06778763 0.27586558 0.17098361]\n ...\n [0.1549635  0.32498404 0.05872175 ... 0.0633686  0.19116347 0.13064885]\n [0.12735517 0.3864968  0.0346651  ... 0.11235829 0.13545315 0.0919763 ]\n [0.19905847 0.3278147  0.06121922 ... 0.06545843 0.12117591 0.13625267]]",
    "pred_classes": "[1 1 5 1 1 1 1 1 1 1 1 1 1 1 1 1 1 1 1 1 1 1 5 1 1 1 1 1 1 5 5 1 1 1 1 1 1\n 1 1 1 1 1 1 1 1 1 1 1 1 1 1 1 1 1 1 1 1 1 1 1 1 1 1 1 1 1 1 1 1 1 1 1 1 1\n 1 1 1 1 1 1 1 1 1 1 1 1 1 1 1 1 1 1 1 1 5 1 1 1 1 1 1 1 1 1 1 1 1 1 1 1 1\n 1 1 1 1 1 1 1 1 1 1 1 1 1 1 1 1 1 1 1 1 1 1 1 1 1 5 1 1 1 1 1 5 1 1 1 1 1\n 1 5 1 1 1 1 1 1 1 1 1]",
    "true_classes": "[2 3 1 3 0 1 2 0 0 0 1 4 2 3 0 3 5 6 1 6 1 4 5 3 0 4 1 5 3 0 3 1 5 5 1 4 3\n 5 4 4 3 2 3 5 1 4 1 2 1 6 5 2 4 1 4 3 1 0 6 1 2 3 2 4 0 5 1 5 2 6 0 3 3 6\n 2 3 4 3 4 0 5 2 6 6 3 1 2 4 2 0 4 3 4 6 3 3 2 5 2 5 6 5 5 3 6 6 6 0 2 4 2\n 0 3 6 1 1 0 4 5 2 6 2 6 5 5 6 4 2 1 2 6 5 4 0 0 1 2 5 6 0 6 4 0 5 0 1 6 1\n 5 4 2 4 6 0 0 4 6 5 3]"
  },
  "training_history": {
    "round_accuracies": [
      0.16535433070866143,
      0.13385826771653545,
      0.1732283464566929
    ],
    "round_f1_scores": [
      0.08810814298619175,
      0.05710682759863088,
      0.08676959155755326
    ],
    "round_losses": [
      0.5,
      0.5,
      0.5
    ],
    "training_times": [
      51.37290811538696,
      52.663614988327026,
      49.68416213989258
    ]
  },
  "best_performance": {
    "accuracy": 0.1732283464566929,
    "f1_score": 0.08676959155755326,
    "round": 3
  },
  "timing": {
    "total_time_seconds": 167.45982694625854,
    "total_time_formatted": "2m 47s",
    "average_round_time": 55.81994231541952
  },
  "metadata": {
    "timestamp": "2025-06-22T19:13:04.964047",
    "phase": 1,
    "phase_description": "High-Performance Baseline"
  }
}